
<annotation>
    <folder>images</folder>
    <filename>maksssksksss84.png</filename>
    <size>
        <width>512</width>
        <height>354</height>
        <depth>3</depth>
    </size>
    <segmented>0</segmented>
    <object>
        <name>with_mask</name>
        <pose>Unspecified</pose>
        <truncated>0</truncated>
        <occluded>0</occluded>
        <difficult>0</difficult>
        <bndbox>
            <xmin>64</xmin>
            <ymin>129</ymin>
            <xmax>110</xmax>
            <ymax>174</ymax>
        </bndbox>
    </object>
    <object>
        <name>with_mask</name>
        <pose>Unspecified</pose>
        <truncated>0</truncated>
        <occluded>0</occluded>
        <difficult>0</difficult>
        <bndbox>
            <xmin>166</xmin>
            <ymin>136</ymin>
            <xmax>222</xmax>
            <ymax>196</ymax>
        </bndbox>
    </object>
    <object>
        <name>with_mask</name>
        <pose>Unspecified</pose>
        <truncated>0</truncated>
        <occluded>0</occluded>
        <difficult>0</difficult>
        <bndbox>
            <xmin>383</xmin>
            <ymin>126</ymin>
            <xmax>430</xmax>
            <ymax>184</ymax>
        </bndbox>
    </object>
</annotation>