
<annotation>
    <folder>images</folder>
    <filename>maksssksksss85.png</filename>
    <size>
        <width>267</width>
        <height>400</height>
        <depth>3</depth>
    </size>
    <segmented>0</segmented>
    <object>
        <name>with_mask</name>
        <pose>Unspecified</pose>
        <truncated>0</truncated>
        <occluded>0</occluded>
        <difficult>0</difficult>
        <bndbox>
            <xmin>84</xmin>
            <ymin>54</ymin>
            <xmax>199</xmax>
            <ymax>167</ymax>
        </bndbox>
    </object>
</annotation>