
<annotation>
    <folder>images</folder>
    <filename>maksssksksss80.png</filename>
    <size>
        <width>400</width>
        <height>226</height>
        <depth>3</depth>
    </size>
    <segmented>0</segmented>
    <object>
        <name>with_mask</name>
        <pose>Unspecified</pose>
        <truncated>0</truncated>
        <occluded>0</occluded>
        <difficult>0</difficult>
        <bndbox>
            <xmin>214</xmin>
            <ymin>54</ymin>
            <xmax>291</xmax>
            <ymax>132</ymax>
        </bndbox>
    </object>
</annotation>