
<annotation>
    <folder>images</folder>
    <filename>maksssksksss90.png</filename>
    <size>
        <width>400</width>
        <height>267</height>
        <depth>3</depth>
    </size>
    <segmented>0</segmented>
    <object>
        <name>with_mask</name>
        <pose>Unspecified</pose>
        <truncated>0</truncated>
        <occluded>0</occluded>
        <difficult>0</difficult>
        <bndbox>
            <xmin>47</xmin>
            <ymin>61</ymin>
            <xmax>81</xmax>
            <ymax>103</ymax>
        </bndbox>
    </object>
    <object>
        <name>with_mask</name>
        <pose>Unspecified</pose>
        <truncated>0</truncated>
        <occluded>0</occluded>
        <difficult>0</difficult>
        <bndbox>
            <xmin>102</xmin>
            <ymin>83</ymin>
            <xmax>133</xmax>
            <ymax>125</ymax>
        </bndbox>
    </object>
    <object>
        <name>with_mask</name>
        <pose>Unspecified</pose>
        <truncated>0</truncated>
        <occluded>0</occluded>
        <difficult>0</difficult>
        <bndbox>
            <xmin>181</xmin>
            <ymin>54</ymin>
            <xmax>208</xmax>
            <ymax>86</ymax>
        </bndbox>
    </object>
    <object>
        <name>with_mask</name>
        <pose>Unspecified</pose>
        <truncated>0</truncated>
        <occluded>0</occluded>
        <difficult>0</difficult>
        <bndbox>
            <xmin>214</xmin>
            <ymin>51</ymin>
            <xmax>252</xmax>
            <ymax>96</ymax>
        </bndbox>
    </object>
    <object>
        <name>with_mask</name>
        <pose>Unspecified</pose>
        <truncated>0</truncated>
        <occluded>0</occluded>
        <difficult>0</difficult>
        <bndbox>
            <xmin>199</xmin>
            <ymin>126</ymin>
            <xmax>239</xmax>
            <ymax>174</ymax>
        </bndbox>
    </object>
    <object>
        <name>with_mask</name>
        <pose>Unspecified</pose>
        <truncated>0</truncated>
        <occluded>0</occluded>
        <difficult>0</difficult>
        <bndbox>
            <xmin>245</xmin>
            <ymin>19</ymin>
            <xmax>273</xmax>
            <ymax>46</ymax>
        </bndbox>
    </object>
    <object>
        <name>with_mask</name>
        <pose>Unspecified</pose>
        <truncated>0</truncated>
        <occluded>0</occluded>
        <difficult>0</difficult>
        <bndbox>
            <xmin>311</xmin>
            <ymin>37</ymin>
            <xmax>339</xmax>
            <ymax>72</ymax>
        </bndbox>
    </object>
    <object>
        <name>with_mask</name>
        <pose>Unspecified</pose>
        <truncated>0</truncated>
        <occluded>0</occluded>
        <difficult>0</difficult>
        <bndbox>
            <xmin>272</xmin>
            <ymin>33</ymin>
            <xmax>292</xmax>
            <ymax>55</ymax>
        </bndbox>
    </object>
</annotation>