
<annotation>
    <folder>images</folder>
    <filename>maksssksksss83.png</filename>
    <size>
        <width>400</width>
        <height>306</height>
        <depth>3</depth>
    </size>
    <segmented>0</segmented>
    <object>
        <name>with_mask</name>
        <pose>Unspecified</pose>
        <truncated>0</truncated>
        <occluded>0</occluded>
        <difficult>0</difficult>
        <bndbox>
            <xmin>37</xmin>
            <ymin>60</ymin>
            <xmax>112</xmax>
            <ymax>137</ymax>
        </bndbox>
    </object>
    <object>
        <name>with_mask</name>
        <pose>Unspecified</pose>
        <truncated>0</truncated>
        <occluded>0</occluded>
        <difficult>0</difficult>
        <bndbox>
            <xmin>145</xmin>
            <ymin>116</ymin>
            <xmax>229</xmax>
            <ymax>209</ymax>
        </bndbox>
    </object>
    <object>
        <name>without_mask</name>
        <pose>Unspecified</pose>
        <truncated>0</truncated>
        <occluded>0</occluded>
        <difficult>0</difficult>
        <bndbox>
            <xmin>268</xmin>
            <ymin>16</ymin>
            <xmax>380</xmax>
            <ymax>135</ymax>
        </bndbox>
    </object>
</annotation>